h3_index;weekly_popularity
88186230e1fffff;1645
8819690045fffff;2518
88196909e5fffff;3204
8819695247fffff;2557
8819695265fffff;3907
8819695359fffff;2538
8819696003fffff;2325
881969c9b7fffff;3543
881e15b70bfffff;4708
881e15b711fffff;6837
881e8052a5fffff;8079
881ea446e3fffff;1552
881eec6b63fffff;2810
881eeeb4c1fffff;3376
881f09b201fffff;5187
881f137551fffff;3510
881f1d4d65fffff;3283
881f718111fffff;3137
881f83833bfffff;1481
881f882b35fffff;2593
881f998969fffff;2259
881f9c8a39fffff;3471
881fa188c7fffff;2573
881fa1aec5fffff;1803
881fa3c0edfffff;4764
881fa3cdedfffff;1782
881fb4644bfffff;5074
881fb4670bfffff;1394
881fb46759fffff;6304
881fb4675bfffff;3209
88275d72d3fffff;1963
88283080c9fffff;12766
88283080cbfffff;24855
88283080d9fffff;11321
88283080ddfffff;33709
8828308101fffff;2142
8828308203fffff;5213
8828308211fffff;2480
882830821bfffff;5091
8828308281fffff;7569
8828308283fffff;4078
8828308285fffff;2662
8828308287fffff;10959
882830828bfffff;7781
882830828dfffff;5929
88283082a1fffff;7792
88283082a3fffff;57748
88283082a7fffff;17116
88283082a9fffff;9865
88283082abfffff;60334
88283082adfffff;7906
88283082b1fffff;3819
88283082b3fffff;6635
88283082b5fffff;24402
88283082b7fffff;40752
88283082b9fffff;16694
88283082bbfffff;2035
88283082bdfffff;19641
88283082c1fffff;3983
88283082c3fffff;4939
88283082c5fffff;2120
88283082d3fffff;3063
88283082d5fffff;5352
88283082e3fffff;2184
8828308327fffff;3676
8828308483fffff;3865
88283085dbfffff;1621
8828308769fffff;5877
882830876dfffff;2338
8828308a8bfffff;2140
8828308a9bfffff;6261
8828308c2bfffff;845
8828308c35fffff;2684
8828309281fffff;1303
88283092ebfffff;1730
8828309465fffff;2837
8828309585fffff;1978
88283095a7fffff;1553
88283095b5fffff;3055
8828309739fffff;5099
88283098b9fffff;2849
88283098d7fffff;3495
882830ba3bfffff;1374
882830d207fffff;2646
88283429b9fffff;4663
882986b801fffff;3596
8829a198a9fffff;2989
882a106051fffff;5651
882a1072cdfffff;2633
882a12b24bfffff;3062
882a8d812dfffff;2110
882aac50e1fffff;2418
882ad48d4bfffff;5300
88342285c7fffff;3648
883426009bfffff;5811
88342601b3fffff;2692
8834260587fffff;9182
8834260617fffff;2004
883426063bfffff;2734
8834260685fffff;3071
88342606a3fffff;3313
88342606a7fffff;1865
88342606b5fffff;3982
88342606e1fffff;1356
88342606e3fffff;2624
88342606ebfffff;18641
8834260711fffff;5412
8834260715fffff;8227
883426071bfffff;15544
8834260721fffff;5860
8834260725fffff;3037
8834260735fffff;7612
8834260739fffff;10269
883426073dfffff;6501
88342608c1fffff;1995
88342608c9fffff;14465
883426092bfffff;5208
8834260967fffff;2406
88342609e9fffff;2905
8834260d13fffff;2362
8834260d23fffff;8769
8834260d35fffff;4968
8834260dc1fffff;1898
8834260dc9fffff;9658
8834260e13fffff;2352
8834260e65fffff;3956
8834260ecbfffff;11913
8834260eddfffff;2388
8834264295fffff;2651
88342644dbfffff;1909
8834264693fffff;8593
8834264697fffff;9908
8834264699fffff;3266
88342646a1fffff;5526
88342646b5fffff;5576
88342646b7fffff;4875
88342646bdfffff;4973
8834264701fffff;4463
8834264769fffff;4551
88342655e5fffff;1731
8834267265fffff;4805
883426726bfffff;2980
8834267345fffff;19863
8834267349fffff;4322
8834267361fffff;56198
8834267365fffff;6702
8834267369fffff;6561
883426736bfffff;44874
883426736dfffff;29368
8834348929fffff;2318
883434c265fffff;1799
883434c61dfffff;945
883434d1b1fffff;2350
883434d825fffff;3491
883434d919fffff;2893
883434d953fffff;6316
883434d95bfffff;4648
883434d9c3fffff;2596
883460db49fffff;1497
883460db4dfffff;11458
883464722dfffff;8090
8834647263fffff;10276
8834647267fffff;2381
8834647353fffff;5704
883466060bfffff;2274
8834660611fffff;3490
883466061dfffff;3417
88346606c7fffff;3927
88346606c9fffff;2963
88346606cdfffff;8667
88346606d1fffff;1712
88346606d3fffff;4082
88346606dbfffff;4604
88346606ddfffff;3584
88346614a7fffff;3165
8834661591fffff;4610
8834663247fffff;15150
883466325bfffff;9984
883466a011fffff;1808
883466a013fffff;8900
883466a025fffff;4308
883466a0c5fffff;8320
883466a0cdfffff;6845
883466a0d1fffff;2482
883466a127fffff;2247
883466a401fffff;22758
883466a407fffff;34298
883466a40dfffff;3858
883466a435fffff;6315
883466a439fffff;5459
883466a43dfffff;5663
883466a467fffff;1596
883466a509fffff;1407
883466a557fffff;1640
883466a5a1fffff;2762
883466a5a3fffff;5578
883466a5c1fffff;4407
883466a721fffff;2586
883466a985fffff;11084
883466a9adfffff;2785
883466a9e7fffff;3599
883466aaebfffff;2455
883466ac01fffff;3789
883466ac0bfffff;22749
883466ac13fffff;32246
883466ac15fffff;19552
883466ac17fffff;11071
883466ac1bfffff;22837
883466ac1dfffff;5053
883466ac21fffff;2305
883466ac23fffff;19547
883466ac27fffff;7719
883466ac2dfffff;6385
883466ac33fffff;6140
883466ac35fffff;1665
883466ac39fffff;3553
883466ac3bfffff;8325
883466ac57fffff;5181
883466ac67fffff;8957
883466acc9fffff;35522
883466accdfffff;28952
883466ace9fffff;11755
883466acedfffff;21526
883466ad03fffff;3356
883466ad57fffff;4099
883466ad59fffff;9017
883466ae15fffff;1607
883466ae91fffff;9929
883466ae93fffff;23366
883466ae97fffff;4300
883466ae9bfffff;17706
883466aea1fffff;11246
883466aea3fffff;4879
883466aea5fffff;3598
883466aea7fffff;177280
883466aea9fffff;2782
883466aeabfffff;14738
883466aeadfffff;19264
883466aeb9fffff;14654
883466aebdfffff;4995
883466aee7fffff;2960
883466af31fffff;2763
883466af57fffff;5070
88351a6d69fffff;2122
88351a72cbfffff;7289
88351b5041fffff;2152
88351b50a3fffff;4395
88351b50a5fffff;4016
88351b50bdfffff;2636
88351b51a9fffff;47257
88351b51adfffff;66497
88351b51c5fffff;1995
88351b51c9fffff;11337
88351b51e3fffff;21197
88351b51e7fffff;8613
88351b5211fffff;3416
88351b5289fffff;11829
88351b528bfffff;6339
88351b52c7fffff;2567
88351b52cdfffff;3589
88351b5ad1fffff;8602
88351b5adbfffff;9455
8835552d45fffff;2448
8835a85135fffff;2505
8835a858c1fffff;4773
8835a858c5fffff;2997
8835a858e9fffff;3481
8835a93231fffff;2891
8835a93281fffff;3360
8835a93601fffff;2175
8835a9360bfffff;9109
8835a9360dfffff;1126
8835a93641fffff;2221
8835a93655fffff;30960
8835a93657fffff;4217
8835a9365dfffff;5868
8835a93665fffff;11527
8835a93769fffff;4831
8835a9ac3dfffff;1967
8835a9ac87fffff;7970
8835a9acb1fffff;1158
8835a9ad23fffff;1014
8835a9ade3fffff;3923
8839008011fffff;2607
883900801bfffff;2588
883902414bfffff;19986
8839024445fffff;1988
883902484dfffff;5900
88390249b5fffff;10539
8839028505fffff;5599
8839028507fffff;4397
883902850dfffff;2167
8839028529fffff;1944
883902852bfffff;4801
883902852dfffff;2174
8839028565fffff;4184
88390286d9fffff;3510
88390286dbfffff;1813
88390286ddfffff;2439
883902890bfffff;3725
8839028b53fffff;5737
8839028b5bfffff;4567
8839028e5bfffff;4793
8839029609fffff;3349
8839029983fffff;2104
8839029995fffff;5338
88390299b9fffff;2298
8839029a25fffff;2359
8839029b27fffff;9473
883902cc09fffff;16712
883902cc99fffff;1851
883902cf31fffff;8936
883902cf35fffff;2739
883902cf3dfffff;12516
883902d1cbfffff;2736
883902d40dfffff;2060
883902db49fffff;7239
883902db4bfffff;13599
8839040067fffff;5024
883904006dfffff;4773
883904021bfffff;2345
8839040529fffff;8510
8839040605fffff;1950
8839040a81fffff;8139
8839040a89fffff;1471
8839040c37fffff;4909
8839040ce9fffff;4105
8839040dd5fffff;12990
8839040dddfffff;21410
8839041259fffff;2363
883904129dfffff;2665
88390412d7fffff;12919
8839041831fffff;4347
8839041937fffff;2190
883904198dfffff;2361
88390419cbfffff;1279
88390420adfffff;4433
8839042169fffff;1290
88390421e1fffff;2231
8839042507fffff;2197
8839042539fffff;11306
88390429e3fffff;7669
8839043233fffff;3177
88390432c7fffff;2756
88390432e1fffff;5235
88390432e5fffff;7008
88390432ebfffff;5049
8839043843fffff;4715
8839043847fffff;7135
8839043903fffff;15197
883904390bfffff;2024
8839043a69fffff;1402
88390441d5fffff;3001
8839044299fffff;1553
88390451c3fffff;4744
88390456ddfffff;6173
8839045753fffff;2837
8839045919fffff;6792
883904591dfffff;11799
8839045a45fffff;18897
8839045a47fffff;2600
8839045a49fffff;4224
8839046203fffff;2462
883904693bfffff;3211
883904698dfffff;2373
88390469cdfffff;3593
88390469e1fffff;6510
88390469e3fffff;12888
88390469ebfffff;7691
8839046cc7fffff;2067
8839047087fffff;2874
88390470bdfffff;3145
8839047285fffff;2095
8839048223fffff;3700
8839048461fffff;9463
8839048463fffff;5073
8839048813fffff;10215
8839048817fffff;2477
883904881bfffff;5270
883904888dfffff;5033
88390488c7fffff;5187
88390488cdfffff;3819
88390488e1fffff;19657
88390488e5fffff;2328
88390488e7fffff;7049
88390488e9fffff;8496
88390488edfffff;4381
8839048905fffff;2487
8839048965fffff;3428
8839048981fffff;6054
88390489d3fffff;4348
88390489dbfffff;12807
88390489ddfffff;2827
8839048a81fffff;2980
8839048aa7fffff;3181
8839048cadfffff;2649
8839048d27fffff;6878
8839049165fffff;1469
88390495e7fffff;10829
883904991bfffff;3865
8839049985fffff;2162
88390499dbfffff;7138
88390499edfffff;12377
883904a003fffff;11556
883904a007fffff;3841
883904ab67fffff;3996
883904b135fffff;4695
883904bacdfffff;4120
883904c4cdfffff;2358
883904c5adfffff;1855
883904c703fffff;68735
883904c70bfffff;15935
883904c711fffff;2554
883904c715fffff;24173
883904c71dfffff;7104
883904c731fffff;4512
883904c739fffff;19347
883904c757fffff;7029
883904c917fffff;2227
883904cad9fffff;14221
883904cc13fffff;2451
883904ccc5fffff;2721
883904ce59fffff;2101
883904ce61fffff;7135
883904ce67fffff;1877
883904d0dbfffff;1429
883904d125fffff;2650
883904d145fffff;3418
883904d14dfffff;6723
883904d16dfffff;6560
883904d269fffff;5760
883904d321fffff;24321
883904d323fffff;21301
883904d327fffff;63873
883904d32bfffff;3309
883904d345fffff;6456
883904d347fffff;5505
883904d357fffff;3963
883904d361fffff;3708
883904d363fffff;5285
883904d36bfffff;4238
883904d5a1fffff;5895
883904d5edfffff;8347
883904d80dfffff;7185
883904d931fffff;5199
883904d939fffff;39559
883904d947fffff;1685
883904d95bfffff;2423
883904d983fffff;17547
883904da01fffff;2420
883904da6bfffff;2623
883904db5dfffff;6116
8839059289fffff;2327
883905c363fffff;2487
883905cabdfffff;26534
883905d237fffff;2181
883905d23bfffff;4465
883905da49fffff;3538
8839060d67fffff;11642
8839060f4bfffff;3360
8839060f5dfffff;9162
8839061003fffff;2651
8839061019fffff;7454
883906101bfffff;2193
8839061031fffff;1025
8839061033fffff;2904
883906104dfffff;4797
88390610c9fffff;2180
883906132dfffff;1728
8839062091fffff;8416
8839062095fffff;11711
88390620bbfffff;3930
8839062605fffff;2988
883906260dfffff;4199
883906262dfffff;2229
8839062663fffff;3284
8839062a6dfffff;2170
8839063589fffff;5716
88390645a5fffff;10473
8839064617fffff;3871
88390646edfffff;6859
88390658c5fffff;2281
88390660d1fffff;2742
8839066ab9fffff;2808
8839066abdfffff;5730
8839067085fffff;3774
88390670b9fffff;7170
8839067a29fffff;2872
8839067a2bfffff;1092
8839067a65fffff;2725
8839068459fffff;3957
8839068951fffff;2852
8839068959fffff;3162
8839068a25fffff;2699
8839068b19fffff;2171
8839068b53fffff;38999
8839068c09fffff;3583
8839068e13fffff;3054
88390690adfffff;6173
8839069213fffff;3047
88390692bbfffff;3010
88390695b1fffff;3937
88390695b7fffff;2542
8839069713fffff;3275
8839069945fffff;2191
8839069b49fffff;8269
883906ad39fffff;3040
883906b1a1fffff;2963
883906c089fffff;3732
883906c241fffff;2368
883906c24dfffff;2936
883906c4dbfffff;3594
883906c549fffff;2501
883906c567fffff;2301
883906c621fffff;3301
883906c635fffff;2271
883906c691fffff;19613
883906c6e5fffff;987
883906c723fffff;5336
883906c727fffff;5817
883906c72bfffff;7591
883906c741fffff;3592
883906c833fffff;2363
883906c845fffff;4504
883906c84dfffff;8030
883906c861fffff;11106
883906c86bfffff;11456
883906c86dfffff;6161
883906c9d1fffff;3258
883906c9d9fffff;1981
883906ca25fffff;2541
883906cab7fffff;2061
883906d0c3fffff;3127
883906d0cbfffff;4719
883906d243fffff;1513
883906d249fffff;1732
883906d255fffff;3571
883906d285fffff;14575
883906d2abfffff;21468
883906d347fffff;1587
883906d4bbfffff;3705
883906d563fffff;3926
883906d56dfffff;2614
883906d5a9fffff;7997
883906d5e1fffff;1738
883906d5e3fffff;14840
883906d5e7fffff;8699
883906d62dfffff;4758
883906d759fffff;2875
883906d8cdfffff;3162
883906d965fffff;5735
88390ac863fffff;1316
88391000e1fffff;3207
8839100137fffff;2498
883910035dfffff;3936
8839100503fffff;1882
8839100507fffff;2963
8839100519fffff;2319
8839100525fffff;5549
8839100531fffff;1623
8839100583fffff;9799
8839100587fffff;6604
8839100595fffff;1301
8839100597fffff;2516
88391005bbfffff;2583
88391006edfffff;3191
8839100ae9fffff;3593
8839100b19fffff;3703
8839100b51fffff;3595
8839100e0dfffff;1912
8839100e17fffff;5728
8839100e19fffff;2935
8839100e1bfffff;8827
8839100ec5fffff;3187
8839100ec9fffff;7462
8839100ecdfffff;79198
88391011b3fffff;3276
8839101445fffff;12878
883910160bfffff;28435
8839101657fffff;5599
8839101701fffff;3729
8839101767fffff;7191
88391019b7fffff;1656
8839102021fffff;6239
8839102029fffff;2545
8839102043fffff;2462
8839102051fffff;2832
8839102053fffff;3463
8839102055fffff;5328
8839102067fffff;4240
8839102085fffff;2237
8839102087fffff;2229
88391020a9fffff;9852
88391020abfffff;8154
88391020adfffff;3293
88391020b3fffff;5221
88391020bdfffff;4651
88391020c3fffff;2931
88391020cbfffff;2943
88391020e3fffff;1888
88391020e7fffff;19691
88391020edfffff;2635
88391021cdfffff;5805
88391021d9fffff;3135
88391021dbfffff;7886
883910223bfffff;2179
8839102281fffff;8218
8839102289fffff;5012
88391022d9fffff;1783
88391022edfffff;1889
8839102331fffff;14585
8839102339fffff;4714
883910233bfffff;4940
8839102345fffff;7412
883910235bfffff;4711
8839102483fffff;9757
8839102487fffff;15055
88391024b9fffff;17216
8839102513fffff;3200
8839102515fffff;1563
883910251dfffff;1854
8839102533fffff;12940
8839102561fffff;2497
883910256bfffff;5640
883910256dfffff;3578
8839102597fffff;4417
88391025adfffff;6145
88391025cbfffff;1725
88391025e5fffff;2438
88391025e9fffff;3438
88391025edfffff;7503
8839102727fffff;3328
8839102ed3fffff;3487
8839102ed9fffff;4423
8839102edbfffff;8669
8839103027fffff;2262
883910308dfffff;1470
88391031cdfffff;8626
88391031e3fffff;2557
8839103465fffff;1962
8839103853fffff;3636
88391038ddfffff;2695
8839103a03fffff;5064
8839103a05fffff;25267
8839103a09fffff;12540
8839103a0dfffff;3044
8839103a17fffff;5641
8839103a35fffff;5634
8839103a41fffff;4697
8839103a43fffff;18845
8839103a45fffff;7798
8839103a47fffff;25192
8839103a49fffff;7480
8839103a55fffff;2452
8839103a61fffff;12508
8839103a63fffff;29098
8839103a81fffff;2618
8839103a89fffff;2235
8839103a9dfffff;4015
8839103aa1fffff;1616
8839103aa3fffff;7158
8839103aa5fffff;5223
8839103aadfffff;42756
8839103ac1fffff;3409
8839103ac3fffff;1688
8839103ac5fffff;2118
8839103ad5fffff;5233
8839103aedfffff;839
88391084a1fffff;6901
883910a0c1fffff;4743
883910a607fffff;5394
883910a837fffff;2592
883910a909fffff;1554
883910a9cbfffff;1857
883910b037fffff;17996
883910b485fffff;4888
883910b4abfffff;11913
883910b6b5fffff;1905
883910ba69fffff;5389
883910bae1fffff;2145
88391108bdfffff;2374
88391108ddfffff;3370
883911093bfffff;5318
88391140edfffff;2074
883911410dfffff;3344
8839114143fffff;5800
8839114147fffff;16450
883911416bfffff;3912
8839114333fffff;11550
883911444bfffff;17174
8839114631fffff;1489
8839114637fffff;10125
8839114681fffff;2502
8839114685fffff;2196
8839114691fffff;16558
88391146d7fffff;2270
8839114701fffff;5798
883911470bfffff;14697
8839114719fffff;8655
883911471dfffff;3341
8839114727fffff;3088
883911472bfffff;5400
883911472dfffff;4059
883911473dfffff;2673
8839114753fffff;3349
8839114757fffff;11054
8839115035fffff;1521
88391151c3fffff;8223
88391151cdfffff;1453
88391151d5fffff;1990
88391151ddfffff;22716
8839115801fffff;6802
8839115803fffff;14783
8839115807fffff;4792
883911580bfffff;3026
8839115815fffff;2999
883911581dfffff;2657
8839115825fffff;2633
883911582bfffff;7093
883911583bfffff;3930
8839115859fffff;9408
883911586dfffff;4225
88391158d5fffff;3327
88391158e1fffff;14951
88391158e5fffff;86836
88391158e9fffff;4284
88391158ebfffff;5726
88391158edfffff;20589
8839115a05fffff;1590
8839115a0bfffff;5865
8839115a2bfffff;3605
8839115a3bfffff;5665
8839115a47fffff;3171
8839115a69fffff;11277
8839115a6dfffff;2635
8839115a9bfffff;13120
8839115b01fffff;4140
8839115b1bfffff;4223
8839115b1dfffff;8936
8839115b41fffff;3028
8839115b47fffff;7511
8839115b59fffff;2382
8839117203fffff;16479
8839117207fffff;24759
8839117211fffff;5248
8839117219fffff;3554
883911721dfffff;16294
883911722bfffff;16119
883911722dfffff;3558
8839117239fffff;145082
883911723dfffff;10749
88391172edfffff;4597
883911734bfffff;5272
883911734dfffff;3544
883911735bfffff;1589
88391188b1fffff;2070
88391188b9fffff;16855
883911890bfffff;3280
8839118a07fffff;2061
8839118d0bfffff;2515
8839119251fffff;55527
8839119253fffff;8601
8839119255fffff;10069
8839119259fffff;17420
883911925bfffff;16287
883911925dfffff;10960
88391195d1fffff;5472
88391195d3fffff;2884
88391196c3fffff;11693
883911c261fffff;5540
883911c26dfffff;1779
883911c901fffff;3518
8839150a49fffff;12881
88391510c3fffff;3963
88391510d7fffff;5688
88391516edfffff;5069
8839151883fffff;2230
8839152099fffff;6969
88391520d3fffff;2418
8839152189fffff;4430
883915226dfffff;7120
8839152545fffff;1922
883915254dfffff;16137
8839152d2dfffff;2834
8839152d33fffff;4657
8839152d65fffff;8239
8839152eebfffff;6188
8839152f55fffff;4517
88391530c7fffff;2807
88391531c3fffff;4720
88391531ddfffff;2517
883915410bfffff;10496
883915422dfffff;3466
8839154415fffff;11035
883915443bfffff;4416
8839154803fffff;3810
8839154817fffff;11130
883915483bfffff;31251
88391549a5fffff;6356
8839154d13fffff;1185
8839155181fffff;27961
8839155183fffff;7856
883915518bfffff;27665
883915518dfffff;7160
8839155195fffff;3486
88391555c1fffff;3562
88391555cdfffff;1795
8839155709fffff;4147
883915570dfffff;5031
883915571bfffff;3017
88391560cbfffff;7575
88391560ddfffff;1464
88391562b7fffff;5715
88391564a7fffff;6420
8839156999fffff;2869
883915699dfffff;5536
8839156a03fffff;2706
8839156b0bfffff;4517
8839156b11fffff;2705
8839156cebfffff;2178
8839156dcdfffff;8186
8839156ebbfffff;2296
883915765dfffff;6933
8839157683fffff;22634
8839157927fffff;1660
88391582b9fffff;7010
8839158417fffff;4881
8839158763fffff;4289
8839158a65fffff;2748
883915929bfffff;3514
8839159365fffff;2976
8839159427fffff;3950
8839159821fffff;3128
883915982dfffff;7888
8839159931fffff;8508
8839159935fffff;3680
8839159937fffff;35805
883915993bfffff;21504
8839159949fffff;3806
8839159953fffff;2476
8839159957fffff;8049
8839159967fffff;1818
8839159997fffff;3730
88391599b3fffff;2476
88391599b7fffff;2927
88391599e3fffff;3091
88391599e5fffff;7084
8839159a21fffff;4111
8839159a49fffff;2185
883915a265fffff;10833
883915a267fffff;2570
883915a26dfffff;8187
883915a431fffff;2366
883915a581fffff;6250
883915a583fffff;6553
883915a587fffff;67874
883915a58bfffff;3238
883915a59dfffff;4378
883915a5a1fffff;7136
883915a5a3fffff;29048
883915a5a9fffff;2828
883915a5abfffff;11573
883915a5b1fffff;10516
883915a5b9fffff;96554
883915a5bbfffff;3889
883915a5bdfffff;85567
883915a5e7fffff;4626
883915a659fffff;5703
883915b1b3fffff;5610
883915b25bfffff;2793
883915b4b7fffff;2153
883915b581fffff;1740
883915c5c9fffff;3294
883915c617fffff;2486
883915cc93fffff;1988
883915cdd7fffff;3202
883915d05bfffff;5060
883915d233fffff;2203
883915d2a9fffff;30346
883915d2c3fffff;4343
883915d2c7fffff;13207
883915d2c9fffff;6058
883915d2cbfffff;3067
883915d2d5fffff;4131
883915d2e3fffff;6142
883915d2e5fffff;3426
883915d2e7fffff;14264
883915d625fffff;1962
883915d62dfffff;3972
883915d631fffff;5570
883915d6cbfffff;13384
883915d6d9fffff;9637
883915d6ddfffff;10718
8839204041fffff;1793
8839204049fffff;11093
8839204159fffff;3264
8839204207fffff;11310
8839204223fffff;2027
8839204323fffff;3475
883920433bfffff;3896
8839204587fffff;5893
8839204615fffff;3608
8839204617fffff;2529
8839204665fffff;13938
8839204667fffff;3347
8839204725fffff;9148
8839204759fffff;5450
883920475bfffff;3113
8839204843fffff;8821
8839204db9fffff;5541
8839204dbdfffff;4218
8839204dd1fffff;10692
8839204dd3fffff;8538
8839204ddbfffff;3607
8839204f4bfffff;17455
8839204f5dfffff;4172
88392055b1fffff;27702
88392055b3fffff;7951
88392055b7fffff;2560
8839205887fffff;2954
88392058a1fffff;2580
88392058abfffff;17660
8839205935fffff;2967
88392059abfffff;3290
88392059e5fffff;2839
8839206923fffff;3466
8839206c97fffff;4611
8839206f13fffff;8217
88392071d7fffff;1239
8839207229fffff;5737
883920722dfffff;4269
8839207267fffff;6463
8839207341fffff;4283
8839207913fffff;3403
883920791bfffff;734
8839207981fffff;3406
8839207991fffff;3107
88392079cdfffff;1396
88392081d7fffff;2896
8839209731fffff;2428
8839220017fffff;1846
8839220019fffff;3399
8839220031fffff;6532
8839220033fffff;391
8839220037fffff;20392
883922003bfffff;1672
883922003dfffff;9368
8839220059fffff;3933
8839220069fffff;1870
8839220081fffff;7980
8839220085fffff;5973
8839220087fffff;12827
8839220089fffff;27145
88392200a1fffff;47058
88392200a3fffff;14978
88392200a5fffff;6130
88392200a7fffff;14586
88392200a9fffff;2640
88392200abfffff;20101
88392200adfffff;6723
88392200b1fffff;4934
88392200bdfffff;1790
88392200c3fffff;4428
88392200c5fffff;2997
88392200cbfffff;3497
88392200d5fffff;30000
88392200d7fffff;3287
88392200e3fffff;7421
88392200e5fffff;2710
88392200e9fffff;5156
88392200ebfffff;6838
8839220113fffff;2047
8839220115fffff;3480
883922011bfffff;10520
8839220133fffff;18307
8839220139fffff;2064
883922013bfffff;4498
8839220185fffff;12021
8839220187fffff;2340
8839220193fffff;5198
8839220199fffff;3373
88392201a1fffff;6251
88392201a3fffff;67309
88392201a5fffff;11051
88392201a9fffff;2931
88392201abfffff;7747
88392201adfffff;35275
88392201b1fffff;11595
88392201b5fffff;2255
88392201b7fffff;15018
88392201bbfffff;2442
88392201bdfffff;3058
88392201c1fffff;18362
88392201c5fffff;5587
88392201c7fffff;14785
88392201c9fffff;2606
88392201cbfffff;2671
88392201cdfffff;6080
88392201dbfffff;4664
88392201e1fffff;2559
88392201e5fffff;3660
88392201edfffff;5567
8839220203fffff;1420
883922020bfffff;3382
8839220243fffff;4204
8839220249fffff;3492
8839220257fffff;3238
883922025dfffff;2564
8839220263fffff;3168
8839220291fffff;5201
88392202adfffff;2341
8839220415fffff;3603
8839220421fffff;3886
8839220487fffff;3517
8839220493fffff;2818
88392204adfffff;2030
88392204b1fffff;3672
88392204b3fffff;14933
8839220519fffff;2275
8839220521fffff;3912
883922052bfffff;3790
883922052dfffff;5707
883922054bfffff;1764
8839220593fffff;3023
88392205edfffff;2415
8839220605fffff;1933
8839220609fffff;3365
883922060dfffff;11374
883922062bfffff;4835
883922062dfffff;2198
8839220631fffff;1563
8839220633fffff;4076
8839220641fffff;5183
8839220643fffff;1523
8839220649fffff;10438
8839220663fffff;17358
8839220667fffff;5878
8839220669fffff;2982
883922066bfffff;2951
883922068dfffff;2110
883922069bfffff;6983
88392206d3fffff;3530
88392206e1fffff;46367
88392206e5fffff;13895
88392206e9fffff;5273
88392206edfffff;20181
883922071dfffff;2645
883922074bfffff;1111
8839220757fffff;3335
8839220759fffff;8994
883922075bfffff;3297
883922075dfffff;9561
883922088bfffff;5141
8839220893fffff;1976
8839220899fffff;5185
883922089bfffff;3233
88392208b9fffff;1550
88392208bdfffff;4022
88392208d1fffff;9480
88392208d7fffff;4395
88392208d9fffff;5287
88392208dbfffff;4872
88392208ddfffff;2617
8839220a93fffff;40873
8839220a95fffff;37268
8839220a99fffff;11710
8839220a9bfffff;14406
8839220a9dfffff;19938
8839220abbfffff;6073
8839220ad1fffff;22309
8839220ad3fffff;62377
8839220ad7fffff;4859
8839220ad9fffff;6340
8839220adbfffff;65486
8839220c03fffff;14969
8839220c15fffff;4265
8839220c19fffff;3934
8839220c1bfffff;5121
8839220c27fffff;4014
8839220c39fffff;3131
8839220c41fffff;2969
8839220c43fffff;2126
8839220c49fffff;12798
8839220c4bfffff;3136
8839220c4dfffff;10219
8839220c51fffff;4757
8839220c59fffff;4476
8839220c69fffff;6810
8839220c6dfffff;2962
8839220cb9fffff;2709
8839220d15fffff;4597
8839220d1bfffff;4692
8839220d21fffff;4688
8839220d23fffff;4871
8839220d41fffff;3693
8839220d49fffff;4095
8839220d4bfffff;9818
8839220d57fffff;5774
8839220d59fffff;5351
8839220d5dfffff;1623
8839220d6dfffff;8602
8839220db1fffff;1671
8839220dbdfffff;4050
8839220dc5fffff;3415
8839220de1fffff;1814
8839220de9fffff;2942
8839220e01fffff;3539
8839220e0bfffff;5208
8839220e11fffff;3329
8839220e1bfffff;10230
8839220e1dfffff;16258
8839220e21fffff;28807
8839220e25fffff;4448
8839220e27fffff;2391
8839220e29fffff;5467
8839220e2bfffff;7726
8839220e35fffff;7477
8839220e37fffff;5158
8839220e3bfffff;11271
8839220e43fffff;3110
8839220e4dfffff;6902
8839220e57fffff;1843
8839220e59fffff;3105
8839220e61fffff;20378
8839220e65fffff;11989
8839220e67fffff;19364
8839220e6dfffff;5530
8839220e81fffff;8677
8839220e87fffff;5637
8839220e89fffff;4762
8839220e8dfffff;7902
8839220eb9fffff;4929
8839220f01fffff;61106
8839220f03fffff;449611
8839220f07fffff;92939
8839220f09fffff;82454
8839220f0bfffff;69973
8839220f0dfffff;11451
8839220f11fffff;21714
8839220f13fffff;16974
8839220f15fffff;254485
8839220f17fffff;22685
8839220f19fffff;51508
8839220f1bfffff;4643
8839220f1dfffff;61536
8839220f21fffff;9730
8839220f23fffff;2243
8839220f27fffff;6897
8839220f2dfffff;9276
8839220f31fffff;19077
8839220f33fffff;3182
8839220f35fffff;27723
8839220f37fffff;4884
8839220f39fffff;74192
8839220f3dfffff;46659
8839220f41fffff;12767
8839220f43fffff;14891
8839220f45fffff;12190
8839220f47fffff;41894
8839220f49fffff;46175
8839220f4bfffff;16220
8839220f4dfffff;21095
8839220f51fffff;16610
8839220f53fffff;14349
8839220f55fffff;41182
8839220f57fffff;40297
8839220f59fffff;4203
8839220f5bfffff;10982
8839220f5dfffff;3529
8839220f61fffff;1328
8839220f69fffff;23630
8839220f6bfffff;18421
8839221083fffff;12627
8839221089fffff;13061
883922108bfffff;4833
883922109dfffff;5681
88392210b1fffff;10110
88392210b5fffff;8596
88392210b9fffff;8251
88392210bbfffff;1840
88392210bdfffff;3709
88392210c3fffff;8700
88392210d1fffff;4395
88392210d9fffff;2675
8839221283fffff;4143
88392212b7fffff;3342
88392212bdfffff;1866
8839221447fffff;2988
8839221469fffff;2701
8839221491fffff;3278
8839221493fffff;32300
8839221497fffff;19341
88392214adfffff;2909
88392214bbfffff;6373
88392214c5fffff;3496
88392214d3fffff;2781
88392214dbfffff;10456
8839221525fffff;3002
8839221527fffff;3281
883922156dfffff;4393
88392215adfffff;5222
88392215bdfffff;1845
8839221689fffff;2514
8839221713fffff;2347
883922200dfffff;5494
8839222027fffff;2325
8839222113fffff;3658
8839222133fffff;3492
88392221edfffff;5587
8839222225fffff;6520
8839222253fffff;2393
883922228bfffff;2984
8839222295fffff;5799
883922229dfffff;4527
88392222b1fffff;3577
88392222d1fffff;5250
88392222ddfffff;11819
88392222e3fffff;2299
883922236bfffff;3224
883922276dfffff;1530
88392228d3fffff;4707
883922295bfffff;2009
8839222c11fffff;2379
8839222cd7fffff;4555
8839222e09fffff;3411
8839222e25fffff;2550
8839222e2dfffff;3440
8839222e55fffff;1271
8839222ea1fffff;5085
8839222f07fffff;4703
8839222f53fffff;6741
88392230dbfffff;2730
8839223109fffff;3588
8839223113fffff;3829
883922316dfffff;4890
88392231e1fffff;8560
88392231e7fffff;6996
88392231e9fffff;6102
88392231ebfffff;2975
8839223201fffff;2289
8839223207fffff;8905
8839223235fffff;7440
8839223239fffff;2492
883922323dfffff;12926
883922324bfffff;1586
8839223259fffff;3269
883922325bfffff;5130
88392232c9fffff;2653
8839223337fffff;2978
883922343bfffff;2405
8839223547fffff;5159
883922356bfffff;3118
88392235e1fffff;8104
8839223617fffff;5917
8839223649fffff;3675
8839223765fffff;2716
883922376dfffff;3604
883922381bfffff;4156
883922381dfffff;988
8839223843fffff;2203
8839223847fffff;3702
8839223853fffff;3162
8839223859fffff;3207
883922385bfffff;5465
883922385dfffff;3602
88392238c3fffff;3971
8839223949fffff;3764
883922394bfffff;3392
8839223955fffff;8231
8839223a59fffff;6530
8839223a65fffff;5592
8839223a69fffff;4655
8839223a87fffff;4069
8839223aa1fffff;3294
8839223aa7fffff;4223
8839223aadfffff;2507
8839223ab1fffff;2276
8839223ab5fffff;6635
8839223ab7fffff;3059
8839223ae1fffff;3158
8839223aebfffff;3358
8839223b09fffff;1538
8839223b43fffff;2202
8839223b63fffff;5068
8839223b6dfffff;3028
883922600bfffff;4175
8839226049fffff;9221
883922604dfffff;3635
883922605bfffff;3041
8839226085fffff;3157
8839226087fffff;2724
88392260a5fffff;3370
88392260a9fffff;23667
88392260adfffff;10227
88392260e3fffff;19897
88392260e7fffff;4294
8839226135fffff;3624
8839226153fffff;15558
8839226205fffff;11382
8839226221fffff;4919
8839226227fffff;17730
8839226247fffff;5272
8839226261fffff;938
88392262e5fffff;3225
88392262e7fffff;3696
8839226315fffff;7221
8839226317fffff;7512
883922631bfffff;6053
883922633bfffff;3790
8839226451fffff;10259
8839226539fffff;1898
88392265a3fffff;2572
8839226817fffff;2947
8839226831fffff;13664
8839226833fffff;15092
8839226837fffff;2136
8839226839fffff;3587
883922683bfffff;3077
8839226909fffff;5897
8839226927fffff;4665
8839226955fffff;9176
8839226965fffff;2754
8839226995fffff;6034
8839226997fffff;3649
8839226999fffff;5593
88392269cbfffff;2402
88392269d9fffff;8289
8839226a37fffff;3257
8839226a61fffff;5071
8839226b5bfffff;4024
8839226c0bfffff;2721
8839226d0dfffff;1986
8839226d4bfffff;3364
8839226f03fffff;10046
8839226f35fffff;10963
8839227001fffff;2185
8839227017fffff;1652
883922701bfffff;3024
8839227021fffff;2022
8839227025fffff;3941
8839227027fffff;3446
8839227029fffff;5971
883922702dfffff;6557
8839227037fffff;5408
8839227039fffff;2026
883922703bfffff;12492
883922703dfffff;4752
8839227041fffff;2808
8839227045fffff;2698
8839227049fffff;7479
883922704dfffff;34713
8839227055fffff;3401
8839227069fffff;3211
883922706dfffff;4248
883922708dfffff;19328
88392270a9fffff;14354
88392270b1fffff;5992
88392270c1fffff;8365
88392270c3fffff;18015
88392270c7fffff;14760
88392270d5fffff;5210
88392270d9fffff;621
88392270e3fffff;7828
883922710dfffff;6302
8839227111fffff;6520
8839227119fffff;5821
8839227143fffff;36119
8839227147fffff;2259
8839227151fffff;7159
8839227153fffff;52699
8839227155fffff;20287
8839227157fffff;7012
883922715dfffff;5730
8839227183fffff;10314
8839227185fffff;16792
8839227187fffff;37867
8839227191fffff;5735
8839227195fffff;44104
883922719bfffff;4980
88392271abfffff;11296
88392271b3fffff;3784
88392271b9fffff;16728
88392271bbfffff;18482
88392271cbfffff;7536
88392271d1fffff;4074
88392271d3fffff;1758
88392271d5fffff;1570
8839227203fffff;12586
8839227227fffff;6963
8839227237fffff;2261
883922723dfffff;4533
8839227241fffff;4752
8839227247fffff;2946
8839227253fffff;2983
883922725dfffff;4507
8839227287fffff;4192
8839227289fffff;10552
88392272a1fffff;3032
88392272abfffff;3048
88392272adfffff;1909
88392272bdfffff;2755
88392272c3fffff;5312
88392272cbfffff;5210
88392272e1fffff;3462
88392272e7fffff;4929
8839227311fffff;3362
8839227313fffff;4050
883922731bfffff;79774
8839227455fffff;3461
8839227507fffff;2512
8839227527fffff;2338
8839227561fffff;1856
8839227569fffff;14010
88392275b7fffff;965
8839227629fffff;2605
8839227639fffff;2259
883922766dfffff;1842
8839227731fffff;3869
8839227735fffff;13230
8839227769fffff;1071
8839227853fffff;2583
8839227859fffff;1731
88392278a1fffff;5507
88392278c9fffff;5910
8839227921fffff;7010
8839227a31fffff;3295
8839227a3dfffff;23814
8839227a81fffff;2296
8839227aa1fffff;11557
8839227aa9fffff;21126
8839227aabfffff;14138
8839227aadfffff;1665
8839227abdfffff;5317
8839227ac7fffff;3601
8839227ae3fffff;21797
8839228515fffff;6192
88392285a3fffff;3360
88392285c3fffff;1758
8839228709fffff;20507
883922870dfffff;16736
883922872bfffff;4715
8839228733fffff;3319
8839228747fffff;2593
8839228755fffff;1547
8839228761fffff;11583
8839228763fffff;28592
8839228769fffff;2117
883922876bfffff;21297
883922876dfffff;3261
8839228c01fffff;10323
8839228c07fffff;7591
8839228c33fffff;3642
8839228c35fffff;9631
8839228c3dfffff;1231
8839228c5dfffff;10118
8839228cb7fffff;3487
8839228ce9fffff;3313
8839228da3fffff;4213
8839228dadfffff;4587
8839228dcdfffff;15890
8839228dd1fffff;6732
8839228dddfffff;3694
8839228debfffff;1797
8839228e33fffff;5002
883922941dfffff;8470
88392295a5fffff;4376
88392295c1fffff;1342
88392295cbfffff;3317
88392295e1fffff;2710
88392296c3fffff;22112
88392296d3fffff;2320
88392296d5fffff;13289
88392296ddfffff;9514
88392296e5fffff;5378
88392296e7fffff;2156
883922a037fffff;2347
883922a053fffff;6270
883922a081fffff;3429
883922a083fffff;3456
883922a087fffff;2614
883922a0b7fffff;14255
883922a101fffff;53527
883922a103fffff;25515
883922a105fffff;104849
883922a107fffff;35553
883922a109fffff;4847
883922a10bfffff;6695
883922a111fffff;29181
883922a115fffff;2962
883922a11bfffff;1769
883922a11dfffff;19903
883922a121fffff;5355
883922a123fffff;3894
883922a127fffff;3290
883922a129fffff;36163
883922a12bfffff;26388
883922a12dfffff;18958
883922a131fffff;19093
883922a135fffff;3022
883922a137fffff;4700
883922a139fffff;33614
883922a13dfffff;8207
883922a143fffff;9033
883922a145fffff;3621
883922a153fffff;3234
883922a15bfffff;3039
883922a163fffff;5049
883922a169fffff;7828
883922a16bfffff;42636
883922a1c9fffff;3668
883922a1cdfffff;2470
883922a1ebfffff;6733
883922a201fffff;2319
883922a221fffff;4382
883922a22dfffff;1995
883922a239fffff;1706
883922a253fffff;1987
883922a265fffff;3642
883922a267fffff;22131
883922a2a5fffff;9264
883922a301fffff;2919
883922a305fffff;5210
883922a30dfffff;4973
883922a315fffff;6409
883922a319fffff;2684
883922a327fffff;3337
883922a329fffff;8189
883922a32bfffff;4223
883922a331fffff;2369
883922a333fffff;3719
883922a337fffff;14171
883922a43bfffff;7448
883922a6abfffff;2517
883922a701fffff;6342
883922a827fffff;2811
883922a83dfffff;3953
883922a859fffff;3899
883922a881fffff;3420
883922a883fffff;9339
883922a8a1fffff;1573
883922a8d3fffff;3724
883922a931fffff;6096
883922a939fffff;2643
883922a941fffff;3014
883922a96dfffff;8841
883922a983fffff;2461
883922a9a7fffff;6849
883922a9adfffff;2364
883922a9c1fffff;3673
883922a9cbfffff;7943
883922aa03fffff;1762
883922aa0bfffff;1430
883922aa1dfffff;9549
883922aa21fffff;2674
883922aa25fffff;3067
883922aa45fffff;3190
883922aa49fffff;4399
883922aa53fffff;6345
883922aa55fffff;2363
883922aa8bfffff;3264
883922aa9dfffff;1346
883922aac9fffff;6941
883922aacdfffff;6112
883922ab33fffff;4682
883922ab39fffff;2041
883922ab41fffff;6560
883922ab67fffff;2998
883922ac61fffff;4334
883922aca5fffff;11238
883922acc7fffff;4841
883922accbfffff;8409
883922ad11fffff;2376
883922ad15fffff;5131
883922ad1dfffff;2097
883922ad41fffff;3390
883922ad45fffff;6074
883922ad47fffff;5743
883922ad55fffff;3790
883922ad61fffff;1647
883922ad63fffff;15582
883922ad69fffff;3704
883922ad6bfffff;60966
883922ad99fffff;2998
883922adcbfffff;9615
883922add3fffff;6673
883922ae59fffff;2190
883922af25fffff;2661
883922af27fffff;5006
883922af61fffff;3456
883922af65fffff;7093
883922af6dfffff;7471
883922b12dfffff;6420
883922b197fffff;3018
883922b1e9fffff;6532
883922b22dfffff;5205
883922b265fffff;5186
883922b267fffff;23024
883922b2ebfffff;2596
883922b309fffff;1163
883922b313fffff;1213
883922b351fffff;1586
883922b35bfffff;5758
883922b489fffff;1811
883922b4a1fffff;3390
883922b531fffff;4738
883922b53dfffff;3463
883922b5c1fffff;10684
883922b5c5fffff;1238
883922b5c7fffff;5043
883922b723fffff;3939
883922b821fffff;2947
883922b82bfffff;4329
883922b831fffff;3361
883922b895fffff;13081
883922b899fffff;3977
883922b8a5fffff;3065
883922b8a7fffff;2326
883922b8c7fffff;3630
883922b909fffff;8901
883922b90bfffff;20713
883922b919fffff;4827
883922b947fffff;5801
883922b951fffff;2936
883922b955fffff;14822
883922b957fffff;22562
883922b95bfffff;1697
883922b9ebfffff;2647
883922ba5dfffff;1278
883922ba83fffff;6342
8839230087fffff;5420
88392300bdfffff;10747
883923043dfffff;2531
8839230491fffff;5887
8839230495fffff;2374
8839230497fffff;1823
88392310bbfffff;3413
8839231639fffff;5496
88392316d5fffff;2295
88392324a1fffff;1636
8839232a97fffff;7584
8839232ab1fffff;2805
8839232ab9fffff;7285
8839232abbfffff;27220
883923358bfffff;9632
88392342a1fffff;2720
88392342a3fffff;3080
88392342a7fffff;9223
8839234301fffff;1278
8839234345fffff;6382
8839234515fffff;2014
883923453bfffff;5832
8839234d95fffff;3957
8839235009fffff;27875
883923500bfffff;8101
8839235017fffff;6241
8839235039fffff;6643
883923503bfffff;6921
8839235041fffff;9331
8839235043fffff;11403
8839235047fffff;9099
8839235055fffff;3338
8839235057fffff;3838
883923505dfffff;11977
88392350e5fffff;2838
8839235851fffff;2795
8839235859fffff;12729
88392358b1fffff;8070
88392358c5fffff;1748
8839235913fffff;5129
8839235919fffff;2037
883923591dfffff;2612
8839235a31fffff;5626
8839235a37fffff;16780
8839236215fffff;3564
883923621dfffff;2101
88392372cbfffff;1504
8839237369fffff;5001
88392376c9fffff;1612
883923789dfffff;5262
8839237a19fffff;13774
8839238881fffff;26846
8839238883fffff;184115
8839238887fffff;4020
883923888bfffff;47219
883923889dfffff;37538
88392388a7fffff;6762
88392388b1fffff;2120
88392388b9fffff;33519
88392388bdfffff;7116
88392388d1fffff;17550
88392388d3fffff;3677
88392388d7fffff;24678
88392388d9fffff;3740
88392388dbfffff;9364
88392389d7fffff;4934
8839238f03fffff;1764
8839238f05fffff;2170
8839239945fffff;1991
8839239969fffff;4539
883923a335fffff;16748
883923a337fffff;4595
883923a4e3fffff;2153
883923a533fffff;14050
883923a537fffff;4327
883923ad29fffff;6455
883923aec3fffff;16014
883923aec9fffff;6238
883923aecbfffff;8424
883923aed1fffff;12599
883923aed9fffff;38027
883923aedbfffff;5629
883923aeddfffff;12598
883923c1c3fffff;2633
883923c5c9fffff;1767
883923c5ebfffff;3748
883923c681fffff;5685
883923cb01fffff;3896
883923cb03fffff;7435
883923cb1dfffff;2135
883923cc05fffff;3657
883923ce8dfffff;4354
883923cec7fffff;8984
883923d1cbfffff;2791
883923d4b1fffff;3883
883923d83bfffff;3788
883923d8a5fffff;1685
883923d8edfffff;7139
883923d955fffff;1691
883923d99bfffff;13815
88392e51dbfffff;28851
88392e5b11fffff;3226
88392ec967fffff;14010
88392ed953fffff;2378
8839310447fffff;3480
8839310513fffff;2362
883931051bfffff;1134
8839310585fffff;3507
8839310589fffff;5268
883931058bfffff;5366
883931058dfffff;3523
88393105a1fffff;2557
88393105c5fffff;8234
88393105cdfffff;2045
88393105e3fffff;15719
88393105ebfffff;12986
8839310c97fffff;3595
8839310cb1fffff;455
8839312031fffff;6472
8839312033fffff;12815
883931203bfffff;1491
88393120c1fffff;5098
88393120cbfffff;3687
88393120e5fffff;2969
88393121d1fffff;3092
883931220dfffff;3125
88393122bbfffff;3371
88393122c1fffff;19661
8839312349fffff;3727
883931259bfffff;1585
88393125e5fffff;2212
8839312605fffff;921
8839312665fffff;31458
8839312667fffff;3385
883931266dfffff;12544
8839312697fffff;1154
88393126bbfffff;2419
8839312749fffff;14284
883931274bfffff;2021
8839312751fffff;35311
8839312755fffff;27316
8839312757fffff;6859
8839312759fffff;121568
883931275dfffff;52088
883931284bfffff;4018
8839312861fffff;1550
8839312901fffff;3718
8839312905fffff;5503
8839312907fffff;8304
8839312945fffff;1303
8839312a31fffff;4991
8839312b25fffff;1121
8839312c5dfffff;1860
8839312da7fffff;2710
8839312ed1fffff;3871
8839313063fffff;2997
88393130b5fffff;5419
88393130bdfffff;872
88393131c3fffff;2523
88393131e1fffff;3706
88393131e5fffff;2552
8839313433fffff;1533
883931343bfffff;3313
8839313513fffff;3216
8839313565fffff;2087
8839313581fffff;10722
8839313583fffff;2661
8839313587fffff;8214
883931358bfffff;19051
8839313595fffff;1274
88393135a3fffff;7086
88393135a5fffff;6535
88393135a7fffff;11126
88393135a9fffff;2309
88393135abfffff;39578
88393135b1fffff;105077
88393135b3fffff;38804
88393135b5fffff;70218
88393135b7fffff;30984
88393135b9fffff;5906
88393135bbfffff;54463
88393135bdfffff;163142
88393135d1fffff;6394
88393135d3fffff;12187
88393135d5fffff;2431
88393135d7fffff;5434
88393135dbfffff;14478
88393135ddfffff;7085
883931368bfffff;2108
88393136a5fffff;2180
88393138b7fffff;3468
8839313ad9fffff;6338
8839313adbfffff;1087
8839313b29fffff;4030
8839313b45fffff;3668
8839313b63fffff;8471
8839313b65fffff;1578
8839316031fffff;21911
8839316035fffff;2084
8839316037fffff;3649
883931604bfffff;3585
88393160cdfffff;3799
88393160e3fffff;6652
88393160edfffff;4058
883931616dfffff;2225
8839316187fffff;4140
883931618bfffff;1673
88393161b5fffff;2784
88393161c1fffff;5702
88393161c3fffff;3903
88393161cbfffff;1545
88393161d1fffff;21388
88393161d7fffff;5820
88393161d9fffff;14168
88393161ddfffff;10428
88393161e3fffff;3450
883931621bfffff;2897
883931624bfffff;4218
8839316257fffff;12032
8839316321fffff;3386
8839316325fffff;6659
8839316419fffff;2618
8839316563fffff;2612
8839316583fffff;3077
8839316813fffff;2137
88393168a7fffff;3208
88393168abfffff;6234
88393168e5fffff;3087
883931696dfffff;1695
88393169d1fffff;3106
88393169ddfffff;3309
8839316a1dfffff;3260
8839316a4bfffff;3914
8839316ab5fffff;1518
8839316abbfffff;2629
8839316b21fffff;2597
8839316b23fffff;2342
8839316c35fffff;24270
8839316c37fffff;4671
8839316c93fffff;12668
8839316d3bfffff;1866
8839316db1fffff;1274
8839316dcbfffff;5983
8839316dd5fffff;5140
8839316dd7fffff;1192
8839316dddfffff;7748
8839316e23fffff;2613
8839316e49fffff;3747
8839317035fffff;10791
88393170a1fffff;4726
88393170adfffff;3542
88393171dbfffff;10423
8839317899fffff;3613
8839317917fffff;2150
88393179b9fffff;4494
88393179bdfffff;7140
883931a135fffff;4398
883931a13dfffff;1781
883931a1a7fffff;2928
883931a233fffff;35519
883931a2edfffff;13431
883931a41bfffff;6201
883931a433fffff;5422
883931a491fffff;8113
883931a499fffff;2606
883931a4b1fffff;4413
883931a4cdfffff;4327
883931a4e1fffff;5380
883931a4e3fffff;1577
883931a53bfffff;1393
883931a551fffff;3393
883931a557fffff;4930
883931a569fffff;4027
883931a5a1fffff;2555
883931a641fffff;2215
883931a64bfffff;4457
883931a64dfffff;5362
883931a66dfffff;1439
883931a693fffff;1562
883931a699fffff;4376
883931a6b1fffff;3361
883931a765fffff;13687
883931a76dfffff;3037
883931a8d5fffff;1576
883931a919fffff;5444
883931a993fffff;829
883931a99bfffff;2482
883931aa93fffff;3798
883931ad81fffff;2015
883931ad89fffff;1886
883931ad8dfffff;2582
883931af49fffff;3372
883931b491fffff;2150
883931b495fffff;3775
883931b49bfffff;1512
883931b4a1fffff;34857
883931b4a3fffff;13280
883931b4a5fffff;155713
883931b4a7fffff;13399
883931b4adfffff;11672
883931b4b1fffff;10934
883931b4b3fffff;3420
883931b4b9fffff;4149
883931b4bdfffff;5896
883931b507fffff;6158
883931b513fffff;2379
883931b515fffff;2977
883931b517fffff;5074
883931b531fffff;2309
883931b53dfffff;20239
883931b557fffff;13335
883931b583fffff;2349
883931b591fffff;42907
883931b593fffff;4614
883931b599fffff;18653
883931b59bfffff;22661
883931b59dfffff;4140
883931b5abfffff;2703
883931b5b3fffff;2559
883931b5b5fffff;10054
883931b5bbfffff;7497
883931b5bdfffff;8503
883931b5c9fffff;2969
883931b5cdfffff;3593
883931b5d3fffff;48742
883931b5e5fffff;5586
883931b6c3fffff;2197
883931b6d7fffff;3307
883931b6dbfffff;3171
883933008bfffff;3212
88393300e1fffff;2763
8839330187fffff;8619
88393301abfffff;2100
883933029bfffff;14835
8839330421fffff;8513
8839330423fffff;12106
8839330427fffff;17742
883933042bfffff;9719
8839330509fffff;3285
8839330533fffff;3203
883933056bfffff;3068
88393306e7fffff;2988
8839330735fffff;2214
8839330765fffff;5967
88393309bdfffff;7097
8839330c2dfffff;9855
8839330c67fffff;11211
8839330c97fffff;1990
8839330ca1fffff;4309
8839330ca3fffff;2722
8839330cc9fffff;2654
8839330ce3fffff;6226
8839330d29fffff;1683
8839330d5bfffff;1324
8839330da3fffff;2732
8839330dabfffff;4614
8839330db5fffff;3268
8839330dbdfffff;3724
8839330ea5fffff;3349
8839330f11fffff;3632
8839330f45fffff;7387
8839330f4dfffff;2162
8839330f55fffff;3336
8839330f61fffff;1701
8839330f69fffff;52311
8839330f6bfffff;2703
88393314bdfffff;1804
88393314d3fffff;5594
883933159dfffff;2916
8839331697fffff;1044
88393316b1fffff;4368
8839332147fffff;3145
88393322abfffff;10382
8839332301fffff;5058
8839332307fffff;4092
8839332309fffff;12389
883933230dfffff;6293
8839332339fffff;8180
8839332341fffff;20949
8839332343fffff;6842
8839332347fffff;3906
883933234bfffff;2655
8839332891fffff;2542
8839332a0dfffff;4098
8839332b09fffff;7427
8839332b2dfffff;8615
8839332b55fffff;4458
8839332b61fffff;4304
8839332b67fffff;6528
8839332cedfffff;2983
8839332f69fffff;7379
88393330edfffff;4078
8839333105fffff;4049
8839333493fffff;3353
88393334a3fffff;9167
8839333655fffff;5175
8839333a65fffff;3459
8839333b67fffff;3409
8839334497fffff;2463
88393344b3fffff;3062
88393344ddfffff;3801
8839334693fffff;6262
8839336019fffff;13801
883933601bfffff;1636
8839336025fffff;48352
883933602dfffff;16790
8839336031fffff;3679
8839336033fffff;20248
8839336037fffff;3120
883933603bfffff;27767
8839336043fffff;24190
8839336049fffff;2580
883933604bfffff;30001
8839336051fffff;23673
8839336053fffff;55269
8839336055fffff;40675
8839336057fffff;34827
8839336059fffff;11658
883933605bfffff;25050
883933605dfffff;11730
8839336063fffff;40048
8839336089fffff;96907
883933608dfffff;41014
88393360a1fffff;119917
88393360a3fffff;18559
88393360a5fffff;16219
88393360a7fffff;3891
88393360a9fffff;97306
88393360adfffff;131489
88393360c3fffff;25783
88393360c7fffff;136072
88393360d9fffff;109533
88393360e1fffff;57545
88393360e3fffff;88031
88393360e5fffff;9749
88393360e7fffff;38817
88393360e9fffff;5416
88393360ebfffff;87452
8839336111fffff;36480
8839336119fffff;233077
883933611bfffff;53453
8839336153fffff;14188
8839336181fffff;1785
8839336185fffff;41781
8839336189fffff;18477
883933618bfffff;25996
883933618dfffff;27019
8839336193fffff;14430
883933619bfffff;4619
883933619dfffff;5780
88393361a3fffff;26906
88393361a9fffff;3290
88393361abfffff;25866
88393361adfffff;3237
88393361c3fffff;6473
88393361c7fffff;12168
88393361c9fffff;9944
88393361cbfffff;18299
88393361d3fffff;4845
88393361d5fffff;9720
88393361d7fffff;41562
88393361d9fffff;8839
88393361dbfffff;28829
88393361ddfffff;22996
88393361ebfffff;21391
883933620dfffff;1152
8839336211fffff;7379
8839336213fffff;6216
8839336217fffff;8228
8839336219fffff;14613
883933621bfffff;3045
883933621dfffff;6404
8839336229fffff;3352
883933622bfffff;2929
883933622dfffff;2874
8839336231fffff;7467
8839336235fffff;11883
8839336237fffff;7300
8839336239fffff;33683
883933623bfffff;10171
883933623dfffff;4773
8839336241fffff;22110
8839336249fffff;11588
883933624bfffff;8895
883933624dfffff;21552
8839336251fffff;57426
8839336253fffff;34520
883933625bfffff;14757
883933625dfffff;27630
8839336269fffff;3684
883933626bfffff;2969
8839336281fffff;4833
8839336283fffff;36418
8839336287fffff;8484
8839336289fffff;6178
883933628bfffff;22931
883933628dfffff;4431
8839336291fffff;439825
8839336293fffff;298482
8839336295fffff;166952
8839336297fffff;224703
8839336299fffff;39966
883933629bfffff;133033
883933629dfffff;87760
88393362a1fffff;55328
88393362a3fffff;48720
88393362a5fffff;10297
88393362a7fffff;106168
88393362a9fffff;2547
88393362abfffff;8566
88393362adfffff;13454
88393362b1fffff;107548
88393362b3fffff;637042
88393362b5fffff;58690
88393362b7fffff;130862
88393362b9fffff;89915
88393362bbfffff;231106
88393362bdfffff;112111
88393362c1fffff;42101
88393362c3fffff;135649
88393362c5fffff;12122
88393362c7fffff;1728
88393362c9fffff;56581
88393362cbfffff;86009
88393362cdfffff;21624
88393362d1fffff;47620
88393362d3fffff;16467
88393362d5fffff;168554
88393362d7fffff;16954
88393362d9fffff;91286
88393362dbfffff;43425
88393362ddfffff;58034
88393362e3fffff;4843
88393362e7fffff;4299
88393362e9fffff;7724
88393362edfffff;11811
8839336309fffff;63584
883933630bfffff;4922
883933630dfffff;10984
8839336319fffff;5882
8839336343fffff;52963
8839336345fffff;5771
8839336347fffff;32582
8839336349fffff;3701
883933634dfffff;24802
8839336351fffff;7568
8839336355fffff;8752
8839336357fffff;2082
8839336359fffff;2400
883933635bfffff;7043
883933635dfffff;13576
8839336361fffff;9957
8839336369fffff;21791
883933636bfffff;7415
883933636dfffff;3514
883933640bfffff;1306
8839336415fffff;2598
8839336431fffff;2150
8839336485fffff;29014
8839336487fffff;6421
883933648dfffff;9247
88393364a1fffff;13051
88393364a3fffff;26740
88393364a9fffff;35475
88393364abfffff;36040
88393364bbfffff;4363
88393364c7fffff;2859
88393364cdfffff;2440
88393364e1fffff;218348
88393364e3fffff;78434
88393364e5fffff;18919
88393364e7fffff;21117
88393364ebfffff;18276
88393364edfffff;45902
8839336505fffff;4055
8839336523fffff;3996
883933652bfffff;12626
883933653bfffff;3761
8839336563fffff;16372
8839336585fffff;5696
88393365a1fffff;3609
88393365abfffff;3524
88393365c7fffff;1079
88393365e5fffff;1465
88393365edfffff;3439
8839336665fffff;19596
8839336669fffff;4013
883933666dfffff;113857
88393366a3fffff;7850
88393366b1fffff;69894
88393366b5fffff;6119
88393366bdfffff;17370
8839336709fffff;3820
883933670dfffff;17678
8839336741fffff;2861
8839336743fffff;9014
8839336745fffff;37791
8839336747fffff;3238
8839336749fffff;4585
883933674bfffff;19909
883933674dfffff;39523
8839336755fffff;9626
8839336759fffff;27059
883933675dfffff;13242
8839336761fffff;120565
8839336763fffff;9036
8839336765fffff;387484
8839336767fffff;67578
8839336769fffff;176211
883933676bfffff;2346
883933676dfffff;190568
8839336a97fffff;35983
8839336c01fffff;4749
8839336c11fffff;2257
8839336c13fffff;12377
8839336c15fffff;29701
8839336c17fffff;2009
8839336c1bfffff;14603
8839336c37fffff;4603
8839336c3bfffff;6815
8839336c63fffff;12704
8839336ca7fffff;5096
8839336cb9fffff;2439
8839336d35fffff;9776
8839336d99fffff;23884
8839336e01fffff;13238
8839336e07fffff;6118
8839336e09fffff;10303
8839336e0dfffff;3175
8839336e11fffff;3495
8839336e29fffff;1354
8839336e35fffff;5678
8839336e39fffff;3548
8839336e3dfffff;2791
8839336e43fffff;4987
8839336e47fffff;15265
8839336e51fffff;16686
8839336ea5fffff;8633
8839336ec1fffff;2310
8839336ed5fffff;6385
8839336ee5fffff;3078
8839336f41fffff;7316
8839336f45fffff;6088
8839336f49fffff;4469
8839337001fffff;2237
8839337003fffff;7139
8839337007fffff;2539
883933700bfffff;4902
883933700dfffff;2758
8839337011fffff;5520
8839337015fffff;24699
8839337017fffff;17381
8839337019fffff;3148
883933701bfffff;2842
883933701dfffff;1994
8839337023fffff;1760
8839337025fffff;6700
8839337031fffff;12168
8839337033fffff;18845
8839337037fffff;13947
8839337039fffff;17239
883933703bfffff;4452
883933703dfffff;6642
8839337045fffff;3420
8839337047fffff;19667
8839337055fffff;1974
8839337059fffff;6742
8839337061fffff;11381
8839337063fffff;8811
8839337069fffff;20735
883933706bfffff;54328
8839337087fffff;3342
883933708bfffff;4940
88393370a1fffff;37816
88393370a3fffff;6340
88393370a5fffff;10184
88393370a9fffff;9381
88393370abfffff;10690
88393370adfffff;13404
88393370b1fffff;5250
88393370d7fffff;4259
88393370d9fffff;2724
88393370e1fffff;43744
88393370e3fffff;9617
88393370e5fffff;9130
88393370ebfffff;1596
88393370edfffff;22263
8839337107fffff;21666
8839337115fffff;21340
8839337119fffff;3322
8839337121fffff;5191
8839337123fffff;5380
8839337125fffff;22107
8839337127fffff;41460
883933712bfffff;21078
8839337131fffff;13174
8839337133fffff;8263
8839337137fffff;2857
8839337139fffff;33458
883933713bfffff;12095
883933713dfffff;11898
8839337157fffff;4331
8839337185fffff;3300
883933718dfffff;5702
8839337191fffff;20062
8839337199fffff;2964
883933719bfffff;4307
88393371a1fffff;15559
88393371a3fffff;13851
88393371a5fffff;17927
88393371a7fffff;15763
88393371a9fffff;7400
88393371abfffff;15957
88393371adfffff;20773
88393371b3fffff;7598
88393371b9fffff;4735
88393371bdfffff;1609
88393371c9fffff;4006
88393371cdfffff;6365
88393371d1fffff;2024
88393371d3fffff;9537
88393371dbfffff;10597
88393371edfffff;5408
8839337219fffff;1934
8839337239fffff;3194
883933724dfffff;5810
8839337289fffff;4142
88393372c3fffff;4922
88393372c7fffff;4512
88393372e5fffff;3858
8839337307fffff;4810
8839337309fffff;3340
883933730dfffff;21798
8839337347fffff;2839
8839337349fffff;2898
883933734dfffff;2359
8839337357fffff;1855
883933735dfffff;1026
8839337361fffff;4092
8839337403fffff;17982
8839337405fffff;25125
8839337407fffff;5382
8839337409fffff;2824
8839337423fffff;34159
883933742dfffff;2959
8839337431fffff;4756
8839337455fffff;1681
8839337481fffff;3324
8839337487fffff;4867
8839337489fffff;28083
883933748bfffff;2888
883933748dfffff;2331
88393374a1fffff;4640
88393374c9fffff;5505
88393374d3fffff;5484
88393374d5fffff;2845
8839337505fffff;5528
883933750dfffff;7553
8839337511fffff;31469
8839337513fffff;5373
8839337515fffff;6963
8839337517fffff;18851
8839337519fffff;3201
883933751bfffff;4939
883933751dfffff;4433
8839337521fffff;3466
8839337523fffff;34305
8839337525fffff;4551
8839337527fffff;14378
8839337529fffff;5851
883933752dfffff;19978
8839337533fffff;11463
8839337535fffff;9910
8839337537fffff;28181
883933753dfffff;8988
8839337541fffff;10916
8839337545fffff;3234
8839337549fffff;5889
883933754bfffff;25242
883933754dfffff;2389
8839337553fffff;11439
8839337563fffff;9322
8839337567fffff;5962
883933756bfffff;5819
8839337583fffff;34187
8839337585fffff;9477
8839337587fffff;16905
8839337589fffff;4052
883933758bfffff;13276
8839337591fffff;42320
8839337593fffff;10056
8839337595fffff;6532
8839337597fffff;83108
8839337599fffff;19724
883933759bfffff;12501
883933759dfffff;5928
88393375a1fffff;63954
88393375a3fffff;6189
88393375a5fffff;70426
88393375a7fffff;13007
88393375a9fffff;2767
88393375adfffff;25392
88393375b1fffff;27478
88393375b3fffff;33861
88393375b5fffff;10981
88393375b7fffff;19702
88393375b9fffff;17450
88393375bbfffff;22524
88393375bdfffff;12141
88393375c1fffff;6583
88393375c3fffff;28495
88393375c7fffff;7225
88393375c9fffff;1883
88393375cdfffff;3272
88393375d7fffff;1481
88393375e1fffff;70307
88393375e3fffff;18460
88393375e5fffff;24827
88393375e7fffff;65327
88393375e9fffff;16488
88393375ebfffff;5354
88393375edfffff;4185
8839337649fffff;2419
883933764bfffff;4156
88393376b1fffff;3061
88393376b3fffff;1279
88393376d5fffff;21465
8839337713fffff;3549
8839337735fffff;3470
8839337737fffff;5044
8839337a03fffff;5023
8839337a0bfffff;11989
8839337a0dfffff;4412
8839337a11fffff;85420
8839337a13fffff;15546
8839337a15fffff;8412
8839337a17fffff;8406
8839337a19fffff;26046
8839337a1bfffff;54106
8839337a1dfffff;40843
8839337a4bfffff;3620
8839337a51fffff;4837
8839337a57fffff;20409
8839337a59fffff;14882
8839337a81fffff;30172
8839337a83fffff;33445
8839337a89fffff;17475
8839337a8bfffff;54793
8839337a91fffff;56089
8839337a93fffff;27132
8839337a95fffff;123065
8839337a97fffff;75556
8839337a99fffff;38654
8839337a9bfffff;16200
8839337a9dfffff;34691
8839337abbfffff;40280
8839337ac1fffff;75914
8839337ac3fffff;15555
8839337ac5fffff;40177
8839337ac7fffff;42027
8839337ac9fffff;10214
8839337acdfffff;47552
8839337ad5fffff;2411
8839337ad7fffff;24240
883933a001fffff;2579
883933a009fffff;1046
883933a00dfffff;14163
883933a015fffff;17300
883933a017fffff;3110
883933a01dfffff;3728
883933a021fffff;2642
883933a023fffff;32074
883933a027fffff;5345
883933a029fffff;3755
883933a02bfffff;11142
883933a031fffff;17452
883933a033fffff;3610
883933a035fffff;111757
883933a039fffff;23697
883933a03dfffff;93302
883933a063fffff;3392
883933a06bfffff;6114
883933a0c5fffff;2803
883933a0cdfffff;2276
883933a133fffff;2965
883933a1c1fffff;1926
883933a1c3fffff;5152
883933a1c9fffff;4855
883933a1cbfffff;3684
883933a1dbfffff;1525
883933a1edfffff;3343
883933a213fffff;1504
883933a23bfffff;3502
883933a281fffff;3947
883933a285fffff;3189
883933a2a9fffff;2054
883933a2adfffff;3412
883933a2d1fffff;2737
883933a301fffff;10265
883933a303fffff;2708
883933a325fffff;4433
883933a337fffff;3278
883933a427fffff;1932
883933a461fffff;1916
883933a4e7fffff;3512
883933a501fffff;3182
883933a519fffff;2771
883933a51bfffff;3069
883933a51dfffff;9065
883933a539fffff;894
883933a557fffff;19217
883933a5d7fffff;1967
883933a659fffff;10111
883933a65bfffff;9916
883933a857fffff;3476
883933a8b1fffff;1890
883933a8b7fffff;4458
883933a8c7fffff;2918
883933a8e9fffff;2159
883933a909fffff;6087
883933a935fffff;3386
883933a9a9fffff;2812
883933aacbfffff;6004
883933acd7fffff;3267
883933ae0dfffff;2528
883933ae89fffff;869
883933ae9dfffff;1969
883933aeb5fffff;1642
883933aeb7fffff;9804
883933aeddfffff;4541
883933b419fffff;31106
883933b41dfffff;3760
883933b427fffff;2860
883933b453fffff;22501
883933b523fffff;15909
883933b535fffff;2556
883933b53dfffff;6667
883933b6a1fffff;11109
883933b6a5fffff;2673
883933b6adfffff;2719
883933b825fffff;4109
883933b82dfffff;6966
883933b831fffff;12154
883933b833fffff;2855
883933b83dfffff;4522
883933b867fffff;4197
883933b911fffff;4862
883933b919fffff;2483
883933b91bfffff;2860
883933b943fffff;4170
883933b951fffff;5185
883933b953fffff;15932
883933b957fffff;5620
883933b9d9fffff;3382
883933b9dbfffff;4977
88394439a5fffff;3984
8839708d11fffff;2183
8848a20663fffff;3926
885494b947fffff;5850
888116b0e9fffff;2242
88812b562bfffff;1945
888183675bfffff;3087
88a8100167fffff;1588
88a810056bfffff;3559
88a8100717fffff;2774
88a8100735fffff;2436
88a8100c03fffff;2799
88a8100c15fffff;10716
88a8100c19fffff;3123
88a8100c1dfffff;3537
88a8100d15fffff;3520
88a8100e1dfffff;3136
88a8100e33fffff;1620
88a810384dfffff;3638
88a81070cbfffff;2362
88a810715bfffff;2097
88a8107363fffff;3128
88a810c083fffff;1057
88a8112d27fffff;1824
88a8114939fffff;2535
88a8115765fffff;2976
88a8120dd7fffff;2543
88a8139687fffff;2554
88a813b9d1fffff;2302
88a81a61a7fffff;2935
88a81cc2e1fffff;4132
88a8313259fffff;647
88a831cce3fffff;1099
88a8701003fffff;2382
88a8736c01fffff;2204
88a8810e0bfffff;3223
88a88181a1fffff;1148
88a88cd1e1fffff;3718
88a88cda61fffff;4002
88a88cdb69fffff;2920
88a8952b63fffff;648
88a895646dfffff;2803
88a89574c1fffff;1604
88a8a038b5fffff;5023
88a8a06147fffff;3885
88a8a061ebfffff;3045
88a8a068c7fffff;5215
88a8a06a03fffff;5135
88a8a06a45fffff;3664
88a8a06ecbfffff;2626
88a8a078b1fffff;5249
88a8a078b5fffff;2791
88a8a078c5fffff;2670
88a8a078e5fffff;4920
88a8a36531fffff;2727
88a8c04833fffff;8538
88a8c0c847fffff;2065
88a8c0ce3bfffff;3258
88a8f56a61fffff;3151
88a91b0b55fffff;1759
88a91b4d83fffff;1422
88a928c903fffff;3031
88b91459cdfffff;2141
88be089001fffff;2432
